State,Year,ABY,Year2017,Year2018,Year2019,2018andABY,2019andABY,% Institutional deliveries to Total Reported Deliveries,% live birth to Reported Birth,% Newborns having weight less than 2.5 kg to Newborns weighed at birth,% Newborns given OPV0 at birth to Reported live birth,% Newborns given BCG to Reported live birth,% Newborns given Hep-B0(Birth Dose)at birth to Reported live birth,% Infants 0 to 11 months old who received Measles+ MR vaccine to reported live births,MMR,IMR,GDP_PC,Poor_GDP_PC,Total Number of reported live births,No of children 16-24 months age given Measles Rubella Vaccine 2nd dose,Total Number of Infant Deaths reported,Total no. maternal deaths,Total number of pregnant women Registered for ANC,Doctor,Sub Centres,PHCs,CHCs,Sub Divisional Hospitals,District Hospitals,Total Health Centres
A & N Islands,2017.0,0.0,1.0,0.0,0.0,0.0,0.0,95.47,98.57,17.13,76.77,85.93,65.5,113.3,313.76,21.16,159664.0,0.0,4275.0,100.0,83.0,11.0,5210.0,45.0,124.0,27.0,4.0,4.0,3.0,158.0
A & N Islands,2018.0,1.0,0.0,1.0,0.0,1.0,0.0,94.87,97.93,17.93,81.83,91.77,73.77,138.3,119.79,11.27,167647.0,0.0,3993.0,3954.0,52.0,7.0,4972.0,69.0,124.0,27.0,4.0,4.0,3.0,158.0
A & N Islands,2019.0,1.0,0.0,0.0,1.0,0.0,1.0,96.47,98.17,16.53,91.57,104.1,86.93,161.3,372.2,23.29,176029.0,0.0,2885.0,3329.0,57.0,5.0,4055.0,105.0,124.0,27.0,4.0,4.0,3.0,158.0
Andhra Pradesh,2017.0,0.0,1.0,0.0,0.0,0.0,0.0,98.95,99.15,5.49,94.25,104.72,85.46,115.81,79.02,10.89,139679.0,0.0,751555.0,362588.0,9014.0,640.0,830965.0,2262.0,7458.0,1484.0,211.0,41.0,26.0,9220.0
Andhra Pradesh,2018.0,1.0,0.0,1.0,0.0,1.0,0.0,99.47,99.01,4.95,103.62,106.97,92.38,118.28,57.96,10.94,151173.0,0.0,742723.0,747892.0,8902.0,474.0,858326.0,2652.0,7458.0,1503.0,211.0,41.0,26.0,9239.0
Andhra Pradesh,2019.0,1.0,0.0,0.0,1.0,0.0,1.0,99.65,98.97,5.19,90.18,101.32,82.32,118.32,65.32,12.4,158732.0,0.0,637607.0,646492.0,8279.0,458.0,767359.0,3107.0,7458.0,1504.0,211.0,41.0,26.0,9240.0
Arunachal Pradesh,2017.0,0.0,1.0,0.0,0.0,0.0,0.0,82.44,98.8,5.09,83.03,121.43,63.92,196.18,87.81,5.79,130197.0,0.0,18727.0,4505.0,127.0,12.0,32373.0,240.0,389.0,121.0,64.0,64.0,34.0,592.0
Arunachal Pradesh,2018.0,1.0,0.0,1.0,0.0,1.0,0.0,82.92,98.51,7.08,78.92,130.5,66.19,164.79,12.42,5.73,139587.0,0.0,18708.0,14406.0,153.0,5.0,32159.0,320.0,393.0,124.0,63.0,63.0,33.0,600.0
Arunachal Pradesh,2019.0,1.0,0.0,0.0,1.0,0.0,1.0,83.18,98.41,4.27,84.03,117.24,70.6,150.84,38.43,4.18,146567.0,0.0,18759.0,14710.0,89.0,12.0,28069.0,1080.0,393.0,124.0,63.0,63.0,33.0,600.0
Assam,2017.0,0.0,1.0,0.0,0.0,0.0,0.0,88.48,98.03,14.58,61.36,110.52,51.45,104.84,186.25,21.11,74183.0,1.0,591248.0,20231.0,11663.0,1142.0,689620.0,1566.0,4985.0,1381.0,289.0,188.0,33.0,6707.0
Assam,2018.0,1.0,0.0,1.0,0.0,1.0,0.0,90.57,98.12,14.03,51.79,108.74,49.03,108.52,162.81,20.42,82078.0,1.0,584655.0,460490.0,11676.0,1031.0,701133.0,2997.0,4963.0,1439.0,308.0,200.0,33.0,6762.0
Assam,2019.0,1.0,0.0,0.0,1.0,0.0,1.0,91.89,98.08,13.49,69.13,112.44,60.48,107.32,150.96,20.69,86182.0,1.0,561663.0,500845.0,11738.0,949.0,642052.0,4941.0,4963.0,1442.0,312.0,202.0,33.0,6769.0
Bihar,2017.0,0.0,1.0,0.0,0.0,0.0,0.0,81.0,98.73,9.75,92.15,132.48,76.25,127.78,74.82,6.38,38630.0,1.0,2085163.0,78.0,12705.0,1428.0,3187592.0,2584.0,10261.0,2013.0,404.0,179.0,119.0,12489.0
Bihar,2018.0,1.0,0.0,1.0,0.0,1.0,0.0,82.44,98.8,10.28,92.33,133.38,77.88,118.86,61.5,5.66,43822.0,1.0,2050938.0,522918.0,10625.0,1105.0,3271782.0,3990.0,10305.0,2026.0,320.0,144.0,120.0,12550.0
Bihar,2019.0,1.0,0.0,0.0,1.0,0.0,1.0,85.47,98.87,10.82,92.99,132.21,77.53,136.97,55.85,4.95,46013.0,1.0,1978863.0,2433407.0,8578.0,1043.0,3195575.0,6270.0,10305.0,2027.0,320.0,144.0,120.0,12551.0
Chandigarh,2017.0,0.0,1.0,0.0,0.0,0.0,0.0,99.7,97.6,20.9,95.2,96.2,87.6,54.6,20.73,46.8,296434.0,0.0,28950.0,9501.0,1355.0,6.0,41894.0,38.0,4.0,46.0,2.0,1.0,4.0,57.0
Chandigarh,2018.0,1.0,0.0,1.0,0.0,1.0,0.0,99.8,97.8,22.1,95.0,95.9,78.6,63.9,52.1,53.94,329208.0,0.0,28792.0,17431.0,1553.0,15.0,42358.0,0.0,0.0,48.0,2.0,1.0,4.0,55.0
Chandigarh,2019.0,1.0,0.0,0.0,1.0,0.0,1.0,99.9,97.7,24.7,92.8,93.3,85.0,57.2,63.38,46.97,345669.0,0.0,26824.0,14211.0,1260.0,17.0,34724.0,1133.0,0.0,48.0,2.0,1.0,4.0,55.0
Chhattisgarh,2017.0,0.0,1.0,0.0,0.0,0.0,0.0,93.9,97.88,11.03,85.34,113.47,59.73,107.36,156.27,17.96,89812.0,1.0,491628.0,325.0,7475.0,643.0,634235.0,837.0,5456.0,823.0,206.0,113.0,33.0,6550.0
Chhattisgarh,2018.0,1.0,0.0,1.0,0.0,1.0,0.0,94.81,97.83,10.9,87.11,115.32,62.6,119.55,115.08,17.4,96886.0,1.0,484317.0,337508.0,7184.0,562.0,632015.0,1296.0,5525.0,824.0,236.0,143.0,33.0,6652.0
Chhattisgarh,2019.0,1.0,0.0,0.0,1.0,0.0,1.0,96.72,97.84,12.28,92.4,117.5,66.91,123.56,154.27,20.34,101731.0,1.0,472255.0,515094.0,7737.0,636.0,647545.0,2241.0,5526.0,824.0,237.0,143.0,33.0,6654.0
Dadra & Nagar Haveli,2017.0,0.0,1.0,0.0,0.0,0.0,0.0,99.6,98.3,36.9,103.1,106.3,100.6,89.0,108.05,27.88,114958.0,0.0,9255.0,4292.0,258.0,10.0,8362.0,14.0,71.0,9.0,3.0,1.0,1.0,85.0
Dadra & Nagar Haveli,2018.0,1.0,0.0,1.0,0.0,1.0,0.0,99.5,98.2,34.9,98.9,98.0,83.9,92.8,110.62,27.65,126406.0,0.0,9040.0,7465.0,250.0,10.0,8394.0,22.0,71.0,9.0,3.0,1.0,1.0,85.0
Dadra & Nagar Haveli,2019.0,1.0,0.0,0.0,1.0,0.0,1.0,99.6,98.1,35.0,94.6,98.7,90.5,88.7,67.6,25.57,134432.0,0.0,8876.0,7340.0,227.0,6.0,7882.0,138.0,71.0,9.0,3.0,1.0,1.0,85.0
Daman & Diu,2017.0,0.0,1.0,0.0,0.0,0.0,0.0,99.75,99.55,15.85,130.45,123.8,119.6,126.05,103.1,7.38,114958.0,0.0,3583.0,2061.0,35.0,1.0,7888.0,12.0,26.0,4.0,4.0,4.0,2.0,36.0
Daman & Diu,2018.0,1.0,0.0,1.0,0.0,1.0,0.0,99.85,99.3,21.55,113.95,125.45,102.8,133.3,15.48,11.4,126406.0,0.0,3861.0,4127.0,53.0,1.0,6555.0,14.0,26.0,4.0,4.0,4.0,2.0,36.0
Daman & Diu,2019.0,1.0,0.0,0.0,1.0,0.0,1.0,100.0,98.95,17.5,98.3,123.75,97.05,118.35,0.0,9.57,134432.0,0.0,3744.0,4013.0,33.0,0.0,5968.0,54.0,26.0,4.0,4.0,4.0,2.0,36.0
Delhi,2017.0,0.0,1.0,0.0,0.0,0.0,0.0,92.39,98.49,18.9,88.55,119.61,83.95,174.4,135.58,15.4,328985.0,0.0,267828.0,5197.0,4958.0,517.0,982022.0,22.0,590.0,549.0,595.0,120.0,91.0,1929.0
Delhi,2018.0,0.0,0.0,1.0,0.0,0.0,0.0,92.8,98.54,20.16,88.44,110.27,81.54,151.28,149.16,16.15,365529.0,0.0,282190.0,15137.0,5059.0,572.0,931041.0,22.0,612.0,556.0,578.0,117.0,91.0,1938.0
Delhi,2019.0,0.0,0.0,0.0,1.0,0.0,0.0,93.23,98.54,21.65,89.5,109.53,84.45,161.4,152.41,17.55,383805.0,0.0,261647.0,252952.0,4328.0,454.0,668596.0,2365.0,613.0,557.0,578.0,117.0,91.0,1940.0
Goa,2017.0,0.0,1.0,0.0,0.0,0.0,0.0,99.9,99.2,15.45,88.7,94.8,74.15,118.55,83.6,5.66,422155.0,0.0,18883.0,345.0,108.0,16.0,24503.0,70.0,216.0,45.0,8.0,6.0,3.0,274.0
Goa,2018.0,1.0,0.0,1.0,0.0,1.0,0.0,99.8,99.1,15.85,95.0,102.3,83.75,113.0,66.49,8.48,458304.0,0.0,17962.0,262.0,153.0,12.0,26896.0,114.0,218.0,42.0,12.0,10.0,3.0,277.0
Goa,2019.0,1.0,0.0,0.0,1.0,0.0,1.0,99.9,99.15,17.05,95.35,98.1,88.05,112.3,38.4,6.03,481219.0,0.0,18055.0,123.0,110.0,7.0,29993.0,282.0,218.0,42.0,12.0,10.0,3.0,277.0
Gujarat,2017.0,0.0,1.0,0.0,0.0,0.0,0.0,97.87,98.86,13.98,93.23,106.64,65.98,97.5,90.93,22.6,173079.0,0.0,1256711.0,2842.0,23230.0,976.0,1420598.0,2277.0,9267.0,1856.0,2693.0,568.0,46.0,13912.0
Gujarat,2018.0,1.0,0.0,1.0,0.0,1.0,0.0,98.73,98.89,13.72,97.43,109.25,80.97,110.0,81.27,17.96,197446.0,0.0,1137636.0,512753.0,19181.0,919.0,1349576.0,3102.0,9257.0,1879.0,2721.0,593.0,47.0,13951.0
Gujarat,2019.0,1.0,0.0,0.0,1.0,0.0,1.0,99.05,98.85,15.52,105.15,116.69,89.04,107.43,83.46,17.55,207319.0,0.0,1067811.0,950447.0,17520.0,921.0,1281558.0,5214.0,9255.0,1884.0,2710.0,586.0,47.0,13944.0
Haryana,2017.0,0.0,1.0,0.0,0.0,0.0,0.0,95.97,98.64,8.47,93.72,109.68,70.12,109.1,103.24,10.18,211525.0,0.0,516722.0,2991.0,4931.0,416.0,567940.0,704.0,2798.0,622.0,161.0,71.0,29.0,3632.0
Haryana,2018.0,1.0,0.0,1.0,0.0,1.0,0.0,96.66,98.6,14.86,91.4,109.0,65.55,106.83,120.74,20.08,236146.0,0.0,499852.0,336793.0,10455.0,604.0,591130.0,1034.0,2664.0,526.0,164.0,75.0,29.0,3405.0
Haryana,2019.0,1.0,0.0,0.0,1.0,0.0,1.0,97.12,98.73,11.87,87.82,107.24,69.8,108.02,142.61,23.43,264206.0,0.0,480938.0,448325.0,11925.0,715.0,561992.0,2904.0,2664.0,526.0,164.0,75.0,29.0,3405.0
Himachal Pradesh,2017.0,0.0,1.0,0.0,0.0,0.0,0.0,87.43,98.76,11.31,86.76,105.23,81.55,132.83,58.91,11.23,167044.0,0.0,87049.0,49190.0,1124.0,56.0,118864.0,720.0,2139.0,516.0,79.0,76.0,15.0,2825.0
Himachal Pradesh,2018.0,1.0,0.0,1.0,0.0,1.0,0.0,88.43,98.72,12.71,88.51,104.03,84.12,144.11,80.76,13.86,179187.0,0.0,86872.0,98195.0,1465.0,79.0,112583.0,792.0,2172.0,582.0,95.0,97.0,16.0,2962.0
Himachal Pradesh,2019.0,1.0,0.0,0.0,1.0,0.0,1.0,90.7,98.84,12.29,88.31,105.34,84.01,176.72,60.35,16.75,195255.0,0.0,79938.0,87713.0,1254.0,51.0,100628.0,1668.0,2173.0,582.0,95.0,97.0,16.0,2963.0
Jammu & Kashmir,2017.0,0.0,1.0,0.0,0.0,0.0,0.0,91.43,98.61,4.8,101.19,113.15,93.63,167.18,67.46,8.12,82709.0,1.0,190694.0,106.0,1426.0,112.0,399307.0,1518.0,2754.0,711.0,127.0,127.0,30.0,3622.0
Jammu & Kashmir,2018.0,1.0,0.0,1.0,0.0,1.0,0.0,92.37,98.72,4.81,100.82,110.36,89.35,177.45,48.16,7.59,91882.0,1.0,195931.0,80461.0,2143.0,79.0,395092.0,2024.0,2755.0,711.0,127.0,127.0,30.0,3623.0
Jammu & Kashmir,2019.0,1.0,0.0,0.0,1.0,0.0,1.0,92.71,98.74,4.62,100.25,110.34,89.92,189.76,70.55,8.17,96476.0,1.0,180345.0,209041.0,1628.0,78.0,347724.0,3498.0,2794.0,711.0,127.0,127.0,30.0,3662.0
Jharkhand,2017.0,0.0,1.0,0.0,0.0,0.0,0.0,95.37,98.67,7.42,66.98,105.08,46.65,107.49,132.18,6.26,69264.0,1.0,759132.0,0.0,4022.0,904.0,959918.0,1056.0,3927.0,372.0,305.0,171.0,24.0,4643.0
Jharkhand,2018.0,1.0,0.0,1.0,0.0,1.0,0.0,95.4,98.67,7.65,63.55,106.3,50.07,94.1,116.95,6.74,76018.0,1.0,732000.0,371947.0,4480.0,757.0,940941.0,1776.0,3929.0,362.0,305.0,171.0,24.0,4635.0
Jharkhand,2019.0,1.0,0.0,0.0,1.0,0.0,1.0,95.97,98.66,7.61,75.27,109.7,56.88,113.42,140.26,7.91,79820.0,1.0,659854.0,599894.0,4791.0,795.0,875389.0,2472.0,3929.0,361.0,305.0,171.0,24.0,4634.0
Karnataka,2017.0,0.0,1.0,0.0,0.0,0.0,0.0,99.71,99.02,10.31,95.36,110.2,86.67,120.76,75.84,12.48,187649.0,0.0,915244.0,944919.0,12024.0,788.0,1097374.0,2850.0,9438.0,2542.0,260.0,399.0,50.0,12628.0
Karnataka,2018.0,1.0,0.0,1.0,0.0,1.0,0.0,99.85,99.14,10.18,95.05,110.54,85.22,117.45,66.46,11.12,210886.0,0.0,907525.0,985531.0,10669.0,657.0,1140111.0,3420.0,9440.0,2538.0,261.0,414.0,70.0,12662.0
Karnataka,2019.0,1.0,0.0,0.0,1.0,0.0,1.0,99.88,99.07,11.34,94.52,109.57,86.57,121.83,77.15,11.44,221431.0,0.0,878718.0,952571.0,9772.0,699.0,1168541.0,6120.0,9440.0,2538.0,261.0,414.0,70.0,12662.0
Kerala,2017.0,0.0,1.0,0.0,0.0,0.0,0.0,99.76,99.6,11.57,100.09,103.74,71.19,111.94,59.62,5.26,183435.0,0.0,492964.0,86927.0,2665.0,258.0,565673.0,2226.0,5836.0,946.0,230.0,347.0,54.0,7413.0
Kerala,2018.0,1.0,0.0,1.0,0.0,1.0,0.0,99.82,99.61,11.5,95.59,99.14,71.69,102.17,24.78,3.31,204105.0,0.0,487790.0,25264.0,1765.0,150.0,504654.0,2464.0,5837.0,947.0,230.0,347.0,55.0,7416.0
Kerala,2019.0,1.0,0.0,0.0,1.0,0.0,1.0,99.89,99.65,11.89,94.86,99.09,75.93,109.66,42.2,3.1,214310.0,0.0,435169.0,200372.0,1477.0,174.0,494461.0,3878.0,5837.0,947.0,230.0,347.0,55.0,7416.0
Lakshadweep,2017.0,0.0,1.0,0.0,0.0,0.0,0.0,100.0,98.8,7.4,100.4,101.6,98.8,127.0,0.0,17.92,114958.0,0.0,837.0,930.0,15.0,0.0,1292.0,22.0,15.0,4.0,3.0,2.0,1.0,25.0
Lakshadweep,2018.0,1.0,0.0,1.0,0.0,1.0,0.0,100.0,98.8,7.3,96.8,99.9,93.9,119.2,0.0,12.96,126406.0,0.0,849.0,846.0,11.0,0.0,1266.0,31.0,15.0,4.0,3.0,2.0,1.0,25.0
Lakshadweep,2019.0,1.0,0.0,0.0,1.0,0.0,1.0,99.9,99.4,9.9,105.1,102.4,103.7,120.6,385.6,6.43,134432.0,0.0,778.0,826.0,5.0,3.0,1173.0,78.0,15.0,4.0,3.0,2.0,1.0,25.0
Madhya Pradesh,2017.0,0.0,1.0,0.0,0.0,0.0,0.0,92.57,98.3,14.42,88.51,100.75,83.47,113.95,144.79,23.31,82941.0,1.0,1336337.0,482.0,28802.0,1886.0,1832836.0,1938.0,11532.0,1419.0,380.0,185.0,51.0,13466.0
Madhya Pradesh,2018.0,1.0,0.0,1.0,0.0,1.0,0.0,94.89,98.32,14.98,91.04,100.95,85.67,110.56,147.57,24.98,90998.0,1.0,1359708.0,124472.0,31952.0,2003.0,1875916.0,2550.0,11800.0,1461.0,394.0,207.0,51.0,13913.0
Madhya Pradesh,2019.0,1.0,0.0,0.0,1.0,0.0,1.0,95.42,98.37,16.08,90.48,99.47,84.91,130.08,158.57,24.98,95548.0,1.0,1333002.0,1416142.0,30912.0,2079.0,1853638.0,4641.0,11800.0,1469.0,394.0,207.0,51.0,13921.0
Maharashtra,2017.0,0.0,1.0,0.0,0.0,0.0,0.0,98.82,99.01,12.9,91.95,111.16,63.11,105.53,62.86,11.35,176102.0,0.0,1753959.0,23023.0,17265.0,1250.0,2180670.0,3920.0,10955.0,2672.0,459.0,154.0,107.0,13940.0
Maharashtra,2018.0,1.0,0.0,1.0,0.0,1.0,0.0,98.97,99.01,13.04,92.65,111.71,59.95,106.1,62.65,11.15,191736.0,0.0,1720964.0,441190.0,17353.0,1265.0,2100266.0,4935.0,11007.0,2667.0,459.0,155.0,107.0,13971.0
Maharashtra,2019.0,1.0,0.0,0.0,1.0,0.0,1.0,99.11,99.03,14.54,99.2,124.88,63.88,119.56,79.18,10.41,207727.0,0.0,1606804.0,1659741.0,15033.0,1314.0,2090366.0,6755.0,11011.0,2669.0,459.0,155.0,108.0,13978.0
Manipur,2017.0,0.0,1.0,0.0,0.0,0.0,0.0,72.21,99.57,2.73,63.9,157.98,56.4,146.01,76.37,5.57,65008.0,1.0,38577.0,17.0,141.0,23.0,55807.0,288.0,440.0,91.0,38.0,38.0,9.0,579.0
Manipur,2018.0,1.0,0.0,1.0,0.0,1.0,0.0,73.94,99.49,2.56,67.63,160.33,62.3,137.22,51.43,2.87,69978.0,1.0,37991.0,24378.0,82.0,12.0,57301.0,441.0,440.0,94.0,39.0,39.0,9.0,583.0
Manipur,2019.0,1.0,0.0,0.0,1.0,0.0,1.0,76.7,99.54,2.97,70.14,154.53,66.13,157.64,53.09,3.48,73477.0,1.0,36578.0,31278.0,114.0,34.0,52316.0,756.0,440.0,94.0,39.0,39.0,9.0,583.0
Meghalaya,2017.0,0.0,1.0,0.0,0.0,0.0,0.0,45.59,98.14,6.33,54.71,99.14,40.3,78.49,287.34,29.31,81098.0,1.0,83269.0,266.0,2512.0,197.0,131034.0,198.0,484.0,138.0,29.0,29.0,28.0,674.0
Meghalaya,2018.0,1.0,0.0,1.0,0.0,1.0,0.0,47.86,98.14,6.22,51.71,98.99,41.73,63.51,189.24,22.69,89023.0,1.0,83258.0,4358.0,2073.0,164.0,141030.0,297.0,479.0,143.0,29.0,29.0,28.0,674.0
Meghalaya,2019.0,1.0,0.0,0.0,1.0,0.0,1.0,50.85,97.97,6.53,59.17,105.25,44.82,96.52,199.65,29.24,98151.0,1.0,86242.0,49375.0,2420.0,167.0,132858.0,682.0,479.0,143.0,29.0,29.0,28.0,674.0
Mizoram,2017.0,0.0,1.0,0.0,0.0,0.0,0.0,84.77,99.17,4.12,44.38,101.41,48.33,94.73,114.38,21.86,146764.0,0.0,19393.0,1077.0,390.0,19.0,21582.0,72.0,368.0,66.0,14.0,22.0,16.0,474.0
Mizoram,2018.0,1.0,0.0,1.0,0.0,1.0,0.0,84.36,99.13,4.6,45.84,107.44,50.13,96.36,125.23,19.26,168625.0,0.0,19289.0,12331.0,340.0,26.0,22750.0,99.0,368.0,65.0,22.0,23.0,15.0,472.0
Mizoram,2019.0,1.0,0.0,0.0,1.0,0.0,1.0,86.09,99.33,4.32,64.7,127.57,67.73,139.66,38.94,20.48,201741.0,0.0,16217.0,14955.0,277.0,7.0,21451.0,333.0,368.0,65.0,22.0,23.0,15.0,472.0
Nagaland,2017.0,0.0,1.0,0.0,0.0,0.0,0.0,73.3,98.67,2.21,84.01,121.66,62.82,105.89,133.81,7.99,104680.0,1.0,19697.0,8.0,216.0,30.0,37217.0,187.0,424.0,141.0,31.0,31.0,14.0,607.0
Nagaland,2018.0,1.0,0.0,1.0,0.0,1.0,0.0,75.66,98.82,2.39,74.55,114.4,60.34,93.04,66.67,8.24,116882.0,0.0,19606.0,3995.0,213.0,18.0,37553.0,198.0,425.0,144.0,31.0,31.0,14.0,611.0
Nagaland,2019.0,1.0,0.0,0.0,1.0,0.0,1.0,77.25,98.85,2.78,76.41,117.64,61.29,100.04,101.47,7.09,122726.0,0.0,19619.0,14545.0,164.0,21.0,37532.0,396.0,424.0,144.0,31.0,31.0,14.0,610.0
Odisha,2017.0,0.0,1.0,0.0,0.0,0.0,0.0,93.98,97.87,18.0,93.36,107.49,83.52,82.72,161.49,23.57,84495.0,1.0,608034.0,166.0,13433.0,932.0,739001.0,1980.0,6690.0,1377.0,418.0,145.0,38.0,8556.0
Odisha,2018.0,1.0,0.0,1.0,0.0,1.0,0.0,95.59,97.93,18.99,87.93,100.49,78.04,115.76,99.07,21.75,95163.0,1.0,646668.0,576027.0,13453.0,596.0,738453.0,2460.0,6690.0,1379.0,418.0,145.0,38.0,8558.0
Odisha,2019.0,1.0,0.0,0.0,1.0,0.0,1.0,96.82,97.86,18.96,92.47,103.4,82.63,118.13,97.83,20.15,101586.0,1.0,574665.0,605487.0,11960.0,616.0,688085.0,5310.0,6690.0,1379.0,418.0,145.0,38.0,8558.0
Puducherry,2017.0,0.0,1.0,0.0,0.0,0.0,0.0,99.98,99.35,8.5,98.08,97.72,98.05,91.4,66.25,11.36,203583.0,0.0,42529.0,14321.0,532.0,29.0,88665.0,68.0,80.0,44.0,8.0,9.0,4.0,137.0
Puducherry,2018.0,0.0,0.0,1.0,0.0,0.0,0.0,99.8,99.48,8.9,96.43,96.43,95.43,113.85,27.22,11.07,220460.0,0.0,43695.0,14145.0,410.0,22.0,98869.0,124.0,80.0,44.0,8.0,9.0,4.0,137.0
Puducherry,2019.0,0.0,0.0,0.0,1.0,0.0,0.0,100.0,99.45,8.3,98.98,98.98,99.55,86.7,9.58,7.18,237278.0,0.0,32694.0,11716.0,353.0,11.0,67338.0,476.0,80.0,44.0,8.0,9.0,4.0,137.0
Punjab,2017.0,0.0,1.0,0.0,0.0,0.0,0.0,96.95,98.63,8.74,91.64,108.1,76.46,110.05,147.9,10.39,142476.0,0.0,371692.0,44.0,3405.0,558.0,464094.0,1166.0,3175.0,522.0,301.0,57.0,29.0,4072.0
Punjab,2018.0,1.0,0.0,1.0,0.0,1.0,0.0,97.66,98.71,8.52,95.42,108.99,79.11,104.71,123.27,8.52,154995.0,0.0,371274.0,321481.0,2629.0,462.0,456150.0,1320.0,3159.0,523.0,302.0,57.0,29.0,4058.0
Punjab,2019.0,1.0,0.0,0.0,1.0,0.0,1.0,98.45,98.78,8.63,92.5,106.26,77.28,115.59,109.71,7.8,162746.0,0.0,349105.0,355128.0,2351.0,363.0,414960.0,2750.0,3153.0,523.0,302.0,57.0,29.0,4052.0
Rajasthan,2017.0,0.0,1.0,0.0,0.0,0.0,0.0,97.38,98.24,14.06,78.75,107.38,72.85,107.13,93.4,13.54,99366.0,1.0,1383200.0,3009.0,17852.0,1213.0,1884090.0,3927.0,13559.0,2459.0,595.0,349.0,68.0,16994.0
Rajasthan,2018.0,1.0,0.0,1.0,0.0,1.0,0.0,97.83,98.29,14.09,77.39,104.05,71.26,104.31,99.81,22.41,110605.0,0.0,1368982.0,494.0,31158.0,1339.0,1825723.0,4818.0,13523.0,2477.0,613.0,354.0,138.0,16994.0
Rajasthan,2019.0,1.0,0.0,0.0,1.0,0.0,1.0,98.32,98.26,14.33,79.15,102.97,68.99,102.31,103.57,21.03,118158.0,0.0,1241044.0,433438.0,26431.0,1246.0,1601053.0,6435.0,13523.0,2477.0,613.0,354.0,138.0,16994.0
Sikkim,2017.0,0.0,1.0,0.0,0.0,0.0,0.0,98.07,98.4,6.55,97.15,99.82,91.3,150.2,82.73,22.1,317133.0,0.0,7268.0,7.0,107.0,9.0,8925.0,36.0,159.0,25.0,14.0,14.0,5.0,192.0
Sikkim,2018.0,1.0,0.0,1.0,0.0,1.0,0.0,98.7,97.18,6.85,95.55,97.48,90.05,177.38,224.78,19.75,357643.0,0.0,7041.0,167.0,128.0,11.0,9420.0,36.0,160.0,25.0,14.0,14.0,5.0,193.0
Sikkim,2019.0,1.0,0.0,0.0,1.0,0.0,1.0,99.0,98.62,6.32,91.55,89.85,87.93,172.52,328.32,14.45,375525.0,0.0,6660.0,4371.0,73.0,17.0,8768.0,184.0,160.0,25.0,14.0,14.0,5.0,193.0
Tamil Nadu,2017.0,0.0,1.0,0.0,0.0,0.0,0.0,99.99,99.29,16.17,104.7,105.56,101.52,113.81,62.77,8.48,171582.0,0.0,904547.0,658732.0,7644.0,683.0,1022933.0,5376.0,8872.0,1892.0,432.0,309.0,32.0,11377.0
Tamil Nadu,2018.0,1.0,0.0,1.0,0.0,1.0,0.0,100.0,99.39,14.98,107.0,107.23,104.67,106.65,49.67,7.8,193749.0,0.0,939599.0,611232.0,7305.0,558.0,1054940.0,8640.0,8873.0,1897.0,430.0,309.0,32.0,11381.0
Tamil Nadu,2019.0,1.0,0.0,0.0,1.0,0.0,1.0,99.83,99.28,17.36,128.58,127.96,125.27,122.2,45.96,11.32,214236.0,0.0,759556.0,804241.0,8571.0,408.0,1054649.0,9440.0,8873.0,1897.0,430.0,309.0,32.0,11381.0
Telangana,2017.0,0.0,1.0,0.0,0.0,0.0,0.0,99.34,99.46,6.68,87.99,97.02,71.27,116.4,43.54,4.94,180494.0,0.0,636248.0,212181.0,2614.0,372.0,1179409.0,1457.0,4979.0,775.0,113.0,57.0,48.0,5659.0
Telangana,2018.0,0.0,0.0,1.0,0.0,0.0,0.0,99.77,99.55,7.09,94.97,112.15,82.22,118.99,53.25,6.78,204487.0,0.0,623664.0,503816.0,4384.0,389.0,758446.0,1643.0,4981.0,823.0,114.0,50.0,45.0,5701.0
Telangana,2019.0,0.0,0.0,0.0,1.0,0.0,0.0,99.8,99.27,8.15,108.79,123.62,97.75,130.29,83.9,5.41,228216.0,0.0,550510.0,539913.0,2680.0,445.0,791934.0,3007.0,4981.0,823.0,114.0,50.0,45.0,5701.0
Tripura,2017.0,0.0,1.0,0.0,0.0,0.0,0.0,90.22,98.45,12.25,70.35,106.42,65.84,106.88,135.69,17.21,100476.0,1.0,51166.0,32.0,999.0,68.0,75540.0,240.0,1016.0,116.0,22.0,15.0,12.0,1176.0
Tripura,2018.0,1.0,0.0,1.0,0.0,1.0,0.0,91.15,98.54,13.74,74.61,102.21,70.22,114.35,83.18,13.97,113102.0,0.0,50035.0,12933.0,859.0,37.0,72307.0,272.0,1004.0,120.0,22.0,15.0,12.0,1168.0
Tripura,2019.0,1.0,0.0,0.0,1.0,0.0,1.0,91.68,98.66,11.92,80.59,104.74,76.2,116.89,70.77,15.9,118757.0,0.0,49557.0,43916.0,931.0,29.0,65595.0,728.0,1001.0,120.0,22.0,15.0,12.0,1165.0
Uttar Pradesh,2017.0,0.0,1.0,0.0,0.0,0.0,0.0,83.06,98.67,11.25,78.73,139.16,50.75,133.94,147.17,4.28,58821.0,1.0,3587660.0,64740.0,16991.0,4990.0,5818739.0,3450.0,20789.0,3407.0,3187.0,3187.0,232.0,27558.0
Uttar Pradesh,2018.0,1.0,0.0,1.0,0.0,1.0,0.0,86.15,98.71,12.04,74.46,133.23,48.81,138.25,134.87,3.39,66511.0,1.0,3860684.0,1432344.0,12381.0,4809.0,6117234.0,5625.0,20781.0,3474.0,4091.0,4091.0,256.0,28524.0
Uttar Pradesh,2019.0,1.0,0.0,0.0,1.0,0.0,1.0,88.76,98.85,12.28,79.95,137.52,55.27,143.14,110.89,3.06,70418.0,1.0,3910136.0,4431800.0,10995.0,4123.0,6605200.0,10725.0,20781.0,3475.0,4209.0,4209.0,256.0,28643.0
Uttarakhand,2017.0,0.0,1.0,0.0,0.0,0.0,0.0,82.95,98.82,8.12,95.82,129.07,67.19,120.38,97.15,6.26,182320.0,0.0,143959.0,42181.0,822.0,172.0,229256.0,299.0,1880.0,284.0,69.0,41.0,20.0,2280.0
Uttarakhand,2018.0,1.0,0.0,1.0,0.0,1.0,0.0,83.51,98.68,8.09,89.55,129.99,70.98,135.1,113.16,8.1,198738.0,0.0,147253.0,161745.0,1154.0,180.0,230252.0,468.0,1881.0,282.0,69.0,41.0,20.0,2279.0
Uttarakhand,2019.0,1.0,0.0,0.0,1.0,0.0,1.0,83.92,98.66,7.64,90.05,125.85,72.32,131.95,124.38,8.78,208675.0,0.0,134788.0,155203.0,1200.0,171.0,206915.0,1092.0,1881.0,282.0,69.0,41.0,20.0,2279.0
West Bengal,2017.0,0.0,1.0,0.0,0.0,0.0,0.0,96.0,98.34,19.29,95.6,110.01,78.29,112.45,97.41,20.04,93710.0,1.0,1306391.0,753.0,24009.0,1171.0,1656977.0,1909.0,10868.0,1411.0,479.0,93.0,66.0,12428.0
West Bengal,2018.0,0.0,0.0,1.0,0.0,0.0,0.0,98.09,98.43,20.47,91.04,105.45,76.27,109.53,87.7,19.23,109491.0,1.0,1313809.0,1122047.0,23432.0,1139.0,1640352.0,2737.0,10868.0,1412.0,477.0,93.0,66.0,12427.0
West Bengal,2019.0,0.0,0.0,0.0,1.0,0.0,0.0,98.66,98.5,21.73,95.57,108.63,83.03,138.05,79.31,17.94,114966.0,0.0,1189007.0,1347358.0,19897.0,985.0,1573365.0,5750.0,10868.0,1412.0,477.0,93.0,66.0,12427.0
